[
  {"id": "block-site", "title": "Block Site"},
  {"id": "rule-blocker", "title": "Rule AdBlocker"},
  {"id": "hide-tabs", "title": "Hide Tabs (Panic Button)"},
  {"id": "flash-blocker-strict", "title": "Flash Blocker Strict"},
  {"id": "canvas-defender", "title": "Canvas Fingerprint Defender"},
  {"id": "html-content-blocker", "title": "HTML Content Blocker"},
  {"id": "javascript-switch", "title": "JavaScript Switch ON|OFF"},
  {"id": "notrack", "title": "NoTrack - Block Redirection Tracking"},
  {"id": "change-timezone", "title": "Change Timezone (Time Shift)"},
  {"id": "file-encryptor", "title": "File Guard (Encryptor | Decryptor)"},
  {"id": "modify-header-value", "title": "Modify Header Value (HTTP Headers)"},
  {"id": "change-geolocation", "title": "Change Geolocation (location Guard)"},
  {"id": "audiocontext-defender", "title": "AudioContext Fingerprint Defender"},
  {"id": "access-control-allow-origin", "title": "Allow CORS: Access-Control-Allow-Origin"}
]
